,상호명,별점,주소,카테고리,이미지,거리
0,화곡영양족발,4.43,서울 강서구 초록마을로2길 48 1층 화곡영양족발,"['족발', '보쌈']",https://search.pstatic.net/common/?autoRotate=true&type=w560_sharpen&src=https%3A%2F%2Fldb-phinf.pstatic.net%2F20231212_8%2F1702371032100CecwX_JPEG%2FDSC03840.jpg,222
1,만배아리랑보쌈 본점,0.0,서울 강서구 화곡로18길 24 강서뉴타워 1층 만배아리랑,"['족발', '보쌈']",https://search.pstatic.net/common/?autoRotate=true&type=w560_sharpen&src=https%3A%2F%2Fldb-phinf.pstatic.net%2F20231209_247%2F1702119447915Vcs1n_JPEG%2F1701596379163.jpg,643
2,양반갈비,0.0,서울 강서구 화곡로27길 14 1층 양반갈비,"['육류', '고기요리']",https://search.pstatic.net/common/?autoRotate=true&type=w560_sharpen&src=https%3A%2F%2Fldb-phinf.pstatic.net%2F20240408_49%2F1712578107202z9Txl_JPEG%2FM4_04573.jpg,64
3,일도커피,0.0,서울 강서구 강서로 210 101호 일도커피,['카페'],https://search.pstatic.net/common/?autoRotate=true&type=w560_sharpen&src=https%3A%2F%2Fldb-phinf.pstatic.net%2F20250429_113%2F17459162806617c0qN_JPEG%2FKakaoTalk_20250428_165140295_02.jpg,421
4,타르데마베이커리 우장산,0.0,서울 강서구 강서로46길 9,['베이커리'],https://search.pstatic.net/common/?autoRotate=true&type=w560_sharpen&src=https%3A%2F%2Fldb-phinf.pstatic.net%2F20230613_177%2F1686617047817nrIYc_JPEG%2FKakaoTalk_20230613_094258315_02.jpg,1028
5,화곡정육식당,0.0,서울 강서구 화곡로 132,['정육식당'],https://search.pstatic.net/common/?autoRotate=true&type=w560_sharpen&src=https%3A%2F%2Fldb-phinf.pstatic.net%2F20230425_244%2F1682412598331v3M6i_JPEG%2F20230425_174410.jpg,471
6,목동분식,4.37,서울 강서구 강서로45라길 36,['종합분식'],https://search.pstatic.net/common/?autoRotate=true&type=w560_sharpen&src=https%3A%2F%2Fldb-phinf.pstatic.net%2F20200310_276%2F1583807833055YNu0J_JPEG%2FknxSZ_sT9-e0ct-LTqAK3nAh.jpg,987
7,버터앤쉘터 까치산역점,0.0,서울 강서구 강서로17길 6,"['카페', '디저트']",https://search.pstatic.net/common/?autoRotate=true&type=w560_sharpen&src=https%3A%2F%2Fldb-phinf.pstatic.net%2F20250408_225%2F1744075968409Fxx25_JPEG%2FIMG_2795.jpeg,1045
8,꽃향기 샤브샤브&뷔페,0.0,서울 강서구 화곡로 142 3층,['샤브샤브'],https://search.pstatic.net/common/?autoRotate=true&type=w560_sharpen&src=https%3A%2F%2Fldb-phinf.pstatic.net%2F20250219_225%2F1739931706724UUbGM_JPEG%2F1000006109.jpg,377
9,호랭이반점 화곡역점,0.0,서울 강서구 화곡로 154 1층 102호,['중식당'],https://search.pstatic.net/common/?autoRotate=true&type=w560_sharpen&src=https%3A%2F%2Fldb-phinf.pstatic.net%2F20250214_11%2F1739511669668qg6JS_JPEG%2FSM_01360.jpg,253
10,충북식당,4.39,서울 강서구 강서로45가길 9,['한식'],https://search.pstatic.net/common/?autoRotate=true&type=w560_sharpen&src=https%3A%2F%2Fldb-phinf.pstatic.net%2F20160203_161%2F1454485133306bdfQd_JPEG%2F176153566872314_0.jpg,767
11,추천해꼬막짬뽕,0.0,서울 강서구 강서로 158 1층,['중식당'],https://search.pstatic.net/common/?autoRotate=true&type=w560_sharpen&src=https%3A%2F%2Fldb-phinf.pstatic.net%2F20240318_177%2F1710746011419DmAWQ_JPEG%2FKakaoTalk_20240318_160732374.jpg,135
12,금화왕돈까스 신월점,4.41,서울 양천구 화곡로 91,['돈가스'],https://search.pstatic.net/common/?autoRotate=true&type=w560_sharpen&src=https%3A%2F%2Fldb-phinf.pstatic.net%2F20200821_238%2F1597986084412Hoz2T_PNG%2F4_hnxqoBEs6qn466oFCAgvIE.png,853
13,고기싸롱 강서구청점,0.0,서울 강서구 화곡로 230 1층 101호,"['육류', '고기요리']",https://search.pstatic.net/common/?autoRotate=true&type=w560_sharpen&src=https%3A%2F%2Fldb-phinf.pstatic.net%2F20230806_249%2F1691323671034YRWP2_JPEG%2FIMG_0530.jpeg,496
14,목구멍 화곡점,0.0,서울 강서구 화곡로 134 1층,"['육류', '고기요리']",https://search.pstatic.net/common/?autoRotate=true&type=w560_sharpen&src=https%3A%2F%2Fldb-phinf.pstatic.net%2F20231208_157%2F17020020919910r9vH_JPEG%2F1.jpg,450
15,헤라클래스,4.37,서울 강서구 화곡로 194-48,"['맥주', '호프']",,169
16,취링취링 화곡역 본점,0.0,서울 강서구 화곡로 127 나동 1층,['요리주점'],,503
17,베이징,4.38,서울 강서구 화곡로 118,['중식당'],https://search.pstatic.net/common/?autoRotate=true&type=w560_sharpen&src=https%3A%2F%2Fldb-phinf.pstatic.net%2F20220820_22%2F1660972229546ozmxQ_JPEG%2F%25C5%25A9%25B1%25E2%25BA%25AF%25C8%25AF_%25B8%25ED%25C0%25E5%25C3%25DF%25C3%25B5_part_1_%2528%25B0%25A1%25B0%25DD%25C0%25CE%25BB%25F3%2529.jpg,619
18,리연탄 강서화곡본점,0.0,서울 강서구 강서로39길 13 1층,"['육류', '고기요리']",https://search.pstatic.net/common/?autoRotate=true&type=w560_sharpen&src=https%3A%2F%2Fldb-phinf.pstatic.net%2F20231103_283%2F1698986266593EkqUE_JPEG%2F2023_10_14_%252815%2529.jpg,433
19,토속촌생면칼국수 본점,4.35,서울 강서구 강서로16길 13,"['칼국수', '만두']",https://search.pstatic.net/common/?autoRotate=true&type=w560_sharpen&src=https%3A%2F%2Fldb-phinf.pstatic.net%2F20220403_198%2F1648973170685iCVm7_JPEG%2FScreenshot_20220403-170414_NAVER.jpg,1156
20,까치산 냉면&김치찌개 본점,0.0,서울 강서구 강서로15길 40 1층 101호,['한식'],https://search.pstatic.net/common/?autoRotate=true&type=w560_sharpen&src=https%3A%2F%2Fldb-phinf.pstatic.net%2F20250415_256%2F1744705381874GgtHN_PNG%2F%25B9%25F6%25BC%25B8%25B4%25DF%25B8%25C5%25BF%25EE%25C5%25C1_%25B8%25D4%25B4%25C2_%25BB%25E7%25C1%25F8_5_%25C4%25BF%25C7%25C3.png,1129
21,온기,0.0,서울 강서구 화곡로 194-26 1층 103호,['요리주점'],,121
22,미카도스시 까치산역점,0.0,서울 강서구 강서로 58,"['초밥', '롤']",https://search.pstatic.net/common/?autoRotate=true&type=w560_sharpen&src=https%3A%2F%2Fldb-phinf.pstatic.net%2F20250429_117%2F1745919486827erMqE_JPEG%2F%25B9%25CC%25C4%25AB%25B5%25B5%25BD%25BA%25BD%25C3_5%25BF%25F9_%25C6%25F7%25C5%25E4%25C4%25AB%25B5%25E5_%25C0%25CC%25BA%25A5%25C6%25AE_%25B0%25D4%25BD%25C3%25B9%25B0_0429.jpg,1134
23,투썸플레이스 화곡역점,4.45,서울 강서구 강서로 163,['카페'],https://search.pstatic.net/common/?autoRotate=true&type=w560_sharpen&src=https%3A%2F%2Fldb-phinf.pstatic.net%2F20240424_46%2F1713940438912PCrWT_JPEG%2FIMG_2878.jpeg,149
24,김희라 한국식왕돈까스,4.35,서울 강서구 강서로 201 1층 김희라돈까스,['일식당'],https://search.pstatic.net/common/?autoRotate=true&type=w560_sharpen&src=https%3A%2F%2Fldb-phinf.pstatic.net%2F20231205_32%2F1701760933474bLlpa_PNG%2FIMG_1785.png,348
25,뎁트 커피,0.0,서울 강서구 화곡로53길 13 1층 카페 뎁트,"['카페', '디저트']",https://search.pstatic.net/common/?autoRotate=true&type=w560_sharpen&src=https%3A%2F%2Fldb-phinf.pstatic.net%2F20241115_33%2F1731652951786kTmve_JPEG%2FIMG_4126.jpeg,1165
26,맛거리,4.39,서울 강서구 화곡로25길 8 경서빌딩 1층,['요리주점'],https://search.pstatic.net/common/?autoRotate=true&type=w560_sharpen&src=https%3A%2F%2Fldb-phinf.pstatic.net%2F20210208_139%2F1612782847963jbQrp_JPEG%2FNp9rD7OvoykNon9xD_ja30eC.jpg,276
27,남춘네숯불닭갈비 화곡역직영점,0.0,서울 강서구 강서로33길 20 1층 101호,['닭갈비'],https://search.pstatic.net/common/?autoRotate=true&type=w560_sharpen&src=https%3A%2F%2Fldb-phinf.pstatic.net%2F20230818_132%2F1692344450713sGxuz_JPEG%2FIMG_2740.jpeg,235
28,정육식당 한우포차 화곡역점,4.5,서울 강서구 화곡로 195,"['육류', '고기요리']",,154
29,원조동글갈비,4.26,서울 강서구 화곡로 194-15,"['육류', '고기요리']",https://search.pstatic.net/common/?autoRotate=true&type=w560_sharpen&src=https%3A%2F%2Fldb-phinf.pstatic.net%2F20170928_118%2F1506587382784NutJ2_JPEG%2FALYU6ntNrqLSMdNpEchuYeBC.jpg,214
30,맥도날드 우장산DT점,4.33,서울 강서구 강서로 216 우장산 맥도날드,['햄버거'],https://search.pstatic.net/common/?autoRotate=true&type=w560_sharpen&src=https%3A%2F%2Fldb-phinf.pstatic.net%2F20190226_64%2F1551140722910zVwok_JPEG%2Fshj_67cJvvxgPhdrw5VDcd3U.jpg,461
31,스타벅스 까치산역점,4.54,서울 강서구 강서로13길 3 (화곡동),['카페'],https://search.pstatic.net/common/?autoRotate=true&type=w560_sharpen&src=https%3A%2F%2Fldb-phinf.pstatic.net%2F20190828_93%2F1566953601239OT9MQ_PNG%2FxX7Wv642gXMoTI0DAv0hRymS.png,1188
32,명륜진사갈비 서울우장산역점,0.0,서울 강서구 강서로 219 1층,"['육류', '고기요리']",https://search.pstatic.net/common/?autoRotate=true&type=w560_sharpen&src=https%3A%2F%2Fldb-phinf.pstatic.net%2F20231229_123%2F1703828583169JMRPQ_JPEG%2FKakaoTalk_20231228_172116193_04.jpg,526
33,더스위트리,0.0,서울 강서구 강서로47가길 38 1층 102호,['와플'],https://search.pstatic.net/common/?autoRotate=true&type=w560_sharpen&src=https%3A%2F%2Fldb-phinf.pstatic.net%2F20240806_63%2F17229482466013isc7_JPEG%2F1722944443819.jpg,1085
34,소담촌 화곡점,4.36,서울 강서구 화곡로 117 1층,['샤브샤브'],https://search.pstatic.net/common/?autoRotate=true&type=w560_sharpen&src=https%3A%2F%2Fldb-phinf.pstatic.net%2F20160613_144%2F1465784597671O8rFa_JPEG%2F176556613022814_0.jpeg,618
35,써브웨이 화곡역점,4.39,서울 강서구 강서로 159-1 우진빌딩,['샌드위치'],https://search.pstatic.net/common/?autoRotate=true&type=w560_sharpen&src=https%3A%2F%2Fldb-phinf.pstatic.net%2F20200103_82%2F1578043664049aVIC6_JPEG%2FoSo1QnUl87teoesK_lCcVLN0.jpg,156
36,수백당 우장산역점,0.0,서울 강서구 강서로 231 해링턴타워 1층 132호~135호,"['순대', '순댓국']",https://search.pstatic.net/common/?autoRotate=true&type=w560_sharpen&src=https%3A%2F%2Fldb-phinf.pstatic.net%2F20240424_163%2F1713937665005H9nNt_JPEG%2F%25B7%25CE%25B0%25ED%25C6%25ED%25C1%25FD_%25C0%25FC%25B0%25F1_DSC01663.jpg,632
37,다채우렁돌솥쌈밥,4.32,서울 강서구 화곡로20길 12 1층 다채,['한식'],https://search.pstatic.net/common/?autoRotate=true&type=w560_sharpen&src=https%3A%2F%2Fldb-phinf.pstatic.net%2F20221219_288%2F1671430746688Wicj7_JPEG%2F20181203_210626.jpg,514
38,샤브올데이 서울화곡점,0.0,서울 강서구 화곡로 110 2층,['샤브샤브'],https://search.pstatic.net/common/?autoRotate=true&type=w560_sharpen&src=https%3A%2F%2Fldb-phinf.pstatic.net%2F20250328_200%2F1743143324917lUqDB_PNG%2F0.png,691
39,소심당,4.71,서울 강서구 화곡로23길 32 다온빌 102호,['베이커리'],https://search.pstatic.net/common/?autoRotate=true&type=w560_sharpen&src=https%3A%2F%2Fldb-phinf.pstatic.net%2F20200705_299%2F1593908391761kT9bY_JPEG%2FX7n5ODFN9gznK1RnEgzMSI0h.jpeg.jpg,363
40,계원집,0.0,서울 강서구 초록마을로4길 2 1층,['닭요리'],https://search.pstatic.net/common/?autoRotate=true&type=w560_sharpen&src=https%3A%2F%2Fldb-phinf.pstatic.net%2F20250217_203%2F1739799903611cEeJk_JPEG%2F1000050589.jpg,444
41,프레퍼스 다이어트 푸드 화곡역점,0.0,서울 강서구 화곡로 142 메가박스 1층 111호,"['다이어트', '샐러드']",https://search.pstatic.net/common/?autoRotate=true&type=w560_sharpen&src=https%3A%2F%2Fldb-phinf.pstatic.net%2F20230820_255%2F1692543267756mpqJq_JPEG%2F%25B8%25DE%25C0%25CE%25C0%25CC%25B9%25CC%25C1%25F6_%25BC%25F6%25C1%25A4.jpg,377
42,스타벅스 화곡동점,4.45,서울 강서구 화곡로 142,['카페'],https://search.pstatic.net/common/?autoRotate=true&type=w560_sharpen&src=https%3A%2F%2Fldb-phinf.pstatic.net%2F20190828_93%2F1566953601239OT9MQ_PNG%2FxX7Wv642gXMoTI0DAv0hRymS.png,377
43,와카츠,0.0,서울 강서구 강서로17길 16 1층,['돈가스'],https://search.pstatic.net/common/?autoRotate=true&type=w560_sharpen&src=https%3A%2F%2Fldb-phinf.pstatic.net%2F20190630_112%2F1561903804552PwCfm_JPEG%2F_AW3isaZu9lvI5Syn6Ioe_jk.jpeg.jpg,1061
44,고기싸롱 화곡역점,0.0,서울 강서구 화곡로 117-1 1층 고기싸롱 화곡역점,"['육류', '고기요리']",https://search.pstatic.net/common/?autoRotate=true&type=w560_sharpen&src=https%3A%2F%2Fldb-phinf.pstatic.net%2F20231006_140%2F1696553532910HBTtp_JPEG%2FKakaoTalk_20231005_172917533_1.jpg,603
45,본가백구오리불고기,4.45,서울 강서구 강서로17길 40,['오리요리'],https://search.pstatic.net/common/?autoRotate=true&type=w560_sharpen&src=https%3A%2F%2Fldb-phinf.pstatic.net%2F20150901_258%2F1441050328808ckcbJ_JPEG%2FSUBMIT_1276520549249_11833953.jpg,1078
46,할머니추어탕 신월2호점,4.3,서울 양천구 가로공원로 146,['추어탕'],https://search.pstatic.net/common/?autoRotate=true&type=w560_sharpen&src=https%3A%2F%2Fldb-phinf.pstatic.net%2F20190728_250%2F1564317551799Xytun_JPEG%2FuBEoNF5ww2Xb9FRbu5pSNYTJ.jpg,1055
47,동래정 화곡점,0.0,서울 강서구 화곡로31길 79 1층 101~103호,"['육류', '고기요리']",,298
48,크리스피크림도넛 화곡역점,4.46,서울 강서구 화곡로 152,['도넛'],https://search.pstatic.net/common/?autoRotate=true&type=w560_sharpen&src=https%3A%2F%2Fldb-phinf.pstatic.net%2F20250506_28%2F1746492584876ATevK_JPEG%2F%25B3%25D7%25C0%25CC%25B9%25F6_%25C1%25A4%25BA%25B8_%25B4%25DE%25B4%25DE%25C7%25D1_%25BC%25F6%25BF%25E4%25C0%25CF_5%25BF%25F9_%25B4%25EB%25C1%25F6_1_%25BB%25E7%25BA%25BB.jpg,281
49,I AM KITCHEN R.,4.55,서울 강서구 강서로 247 1층 9호,['피자'],https://search.pstatic.net/common/?autoRotate=true&type=w560_sharpen&src=https%3A%2F%2Fldb-phinf.pstatic.net%2F20190209_165%2F1549721596669vKe8R_JPEG%2Flyr-8eBX_PcqTRrUh3MbiZlI.jpeg.jpg,766
50,등촌샤브칼국수 신월점,4.32,서울 양천구 화곡로 100,"['칼국수', '만두']",https://search.pstatic.net/common/?autoRotate=true&type=w560_sharpen&src=https%3A%2F%2Fldb-phinf.pstatic.net%2F20200726_75%2F1595771358464xvHbl_JPEG%2FOjWkz1CMNBrVknxmgw_aMuxb.jpg,786
51,니뽕내뽕 화곡역점,0.0,서울 강서구 화곡로 137 2층 202호,['중식당'],https://search.pstatic.net/common/?autoRotate=true&type=w560_sharpen&src=https%3A%2F%2Fldb-phinf.pstatic.net%2F20240625_152%2F1719298638595Jgmv4_JPEG%2F0.jpg,407
52,스타벅스 우장산역점,4.41,서울 강서구 강서로 267 (내발산동),['카페'],https://search.pstatic.net/common/?autoRotate=true&type=w560_sharpen&src=https%3A%2F%2Fldb-phinf.pstatic.net%2F20190828_93%2F1566953601239OT9MQ_PNG%2FxX7Wv642gXMoTI0DAv0hRymS.png,938
53,명동김밥,4.51,서울 강서구 강서로12길 5-6 1층,['종합분식'],https://search.pstatic.net/common/?autoRotate=true&type=w560_sharpen&src=https%3A%2F%2Fldb-phinf.pstatic.net%2F20200815_143%2F1597482381421Wzktp_JPEG%2FRaTITwAjTnE8CXLjSqQBu3hA.jpg,1284
54,양촌리 화곡점,0.0,서울 강서구 화곡로 109,"['육류', '고기요리']",https://search.pstatic.net/common/?autoRotate=true&type=w560_sharpen&src=https%3A%2F%2Fldb-phinf.pstatic.net%2F20240411_33%2F1712814685305bEnXE_JPEG%2FDSC00392.jpg,694
55,회뜨는중 강서구청점,0.0,서울 강서구 공항대로46길 90 1층,['생선회'],https://search.pstatic.net/common/?autoRotate=true&type=w560_sharpen&src=https%3A%2F%2Fldb-phinf.pstatic.net%2F20230928_65%2F1695891361896pl4y7_JPEG%2FKakaoTalk_20230907_011051495.jpg,1396
56,풍천숯불민물장어,0.0,서울 강서구 초록마을로 6,"['장어', '먹장어요리']",https://search.pstatic.net/common/?autoRotate=true&type=w560_sharpen&src=https%3A%2F%2Fldb-phinf.pstatic.net%2F20190118_61%2F1547809887848v7qcs_JPEG%2FNuBWLvmfrN1VnlgN-LCPMR40.jpg,434
57,버거킹 화곡역점,0.0,서울 강서구 화곡로 146 1층,['햄버거'],https://search.pstatic.net/common/?autoRotate=true&type=w560_sharpen&src=https%3A%2F%2Fldb-phinf.pstatic.net%2F20220310_199%2F1646872881676OXCzK_JPEG%2F%25C8%25AD%25B0%25EE1.JPG,346
58,롤링파스타 화곡역점,0.0,서울 강서구 화곡로 166 화수빌딩 2층,"['스파게티', '파스타전문']",https://search.pstatic.net/common/?autoRotate=true&type=w560_sharpen&src=https%3A%2F%2Fldb-phinf.pstatic.net%2F20241218_24%2F17344804520052Sq84_JPEG%2F%25B7%25B9%25B8%25F3%25B9%25F6%25C5%25CD%25C6%25C4%25BD%25BA%25C5%25B8.jpg,153
59,여자만,4.38,서울 강서구 가로공원로 199-1,"['장어', '먹장어요리']",https://search.pstatic.net/common/?autoRotate=true&type=w560_sharpen&src=https%3A%2F%2Fldb-phinf.pstatic.net%2F20150831_39%2F144100829361108Pyy_JPEG%2F11627526_0.jpg,593
60,다이닝갈비 화곡점,0.0,서울 강서구 강서로33길 12 2층 다이닝갈비,"['육류', '고기요리']",https://search.pstatic.net/common/?autoRotate=true&type=w560_sharpen&src=https%3A%2F%2Fldb-phinf.pstatic.net%2F20250418_111%2F1744963597049WYvrd_PNG%2F1000020625.png,200
61,원조김밥 우장산점,4.14,서울 강서구 강서로45길 9 1층,['종합분식'],https://search.pstatic.net/common/?autoRotate=true&type=w560_sharpen&src=https%3A%2F%2Fldb-phinf.pstatic.net%2F20190714_167%2F15631106269801bT4k_JPEG%2FBoddxA4s3tnPEUQmM3h6R7Aa.jpg,788
62,스타벅스 강서우장산점,0.0,"서울 강서구 강서로 231 (화곡동, 우장산역 해링턴 타워), 116/117/118/119/120호",['카페'],https://search.pstatic.net/common/?autoRotate=true&type=w560_sharpen&src=https%3A%2F%2Fldb-phinf.pstatic.net%2F20190828_93%2F1566953601239OT9MQ_PNG%2FxX7Wv642gXMoTI0DAv0hRymS.png,632
63,범식당 까치산본점,0.0,서울 강서구 강서로18가길 6 1층 범식당,"['육류', '고기요리']",https://search.pstatic.net/common/?autoRotate=true&type=w560_sharpen&src=https%3A%2F%2Fldb-phinf.pstatic.net%2F20231228_282%2F1703693226280sAXIK_JPEG%2F1000010605.jpg,1026
64,서울마라 화곡본점,0.0,서울 강서구 화곡로 135 상원빌딩 1층 7호 서울마라,['중식당'],https://search.pstatic.net/common/?autoRotate=true&type=w560_sharpen&src=https%3A%2F%2Fldb-phinf.pstatic.net%2F20190705_213%2F1562317812003ibyOX_JPEG%2FxfNwC73giw6E1gmo0cx8DQec.jpg,435
65,우장회관 화곡본동점,0.0,서울 강서구 초록마을로 10 1층,"['육류', '고기요리']",https://search.pstatic.net/common/?autoRotate=true&type=w560_sharpen&src=https%3A%2F%2Fldb-phinf.pstatic.net%2F20250406_183%2F17439472781292qusL_JPEG%2FKakaoTalk_20250305_153651513_15.jpg,434
66,이자카야우연,0.0,서울 강서구 강서로18다길 40 1층,['이자카야'],https://search.pstatic.net/common/?autoRotate=true&type=w560_sharpen&src=https%3A%2F%2Fldb-phinf.pstatic.net%2F20241114_154%2F1731593803820nlFWK_JPEG%2F20241107_180953.jpg,870
67,미분당 화곡점,4.53,서울 강서구 화곡로26길 11 1층,['베트남음식'],https://search.pstatic.net/common/?autoRotate=true&type=w560_sharpen&src=https%3A%2F%2Fldb-phinf.pstatic.net%2F20210925_295%2F1632571285030dl8g7_JPEG%2FsRGh-JE729UjXBcv__Asud0M.jpg,187
68,천리향양꼬치 무한리필고기,4.71,서울 강서구 화곡로 137 전원빌딩 2층,['양꼬치'],https://search.pstatic.net/common/?autoRotate=true&type=w560_sharpen&src=https%3A%2F%2Fldb-phinf.pstatic.net%2F20200821_27%2F1597992123523wmcT4_JPEG%2FWN6ERSoZeMDUwrJ-9vlqDpH1.jpg,407
69,갈비예찬 강서점,4.42,서울 강서구 화곡로53길 10,"['육류', '고기요리']",https://search.pstatic.net/common/?autoRotate=true&type=w560_sharpen&src=https%3A%2F%2Fldb-phinf.pstatic.net%2F20240501_5%2F1714543431951615CQ_JPEG%2FNotes_240501_143711_fef.jpg,1183
70,이치방라멘,4.59,서울 강서구 강서로 271 1층10호,['일본식라면'],https://search.pstatic.net/common/?autoRotate=true&type=w560_sharpen&src=https%3A%2F%2Fldb-phinf.pstatic.net%2F20200721_182%2F1595297697779AXVaK_JPEG%2FYbp1zvh3UEKiNTPr4dx7inD1.jpeg.jpg,971
71,백제추어탕 강서화곡직영점,0.0,서울 강서구 강서로 221 1층 2호,['추어탕'],https://search.pstatic.net/common/?autoRotate=true&type=w560_sharpen&src=https%3A%2F%2Fldb-phinf.pstatic.net%2F20241008_294%2F1728317037313h6qIq_PNG%2F%25C1%25A6%25B8%25F1%25C0%25BB-%25C0%25D4%25B7%25C2%25C7%25D8%25C1%25D6%25BC%25BC%25BF%25E4_-001_%252817%2529.png,558
72,화곡맛있고등어,0.0,서울 강서구 화곡로 138 1층 화곡맛있고등어,['생선구이'],https://search.pstatic.net/common/?autoRotate=true&type=w560_sharpen&src=https%3A%2F%2Fldb-phinf.pstatic.net%2F20241017_138%2F1729147837289e76gX_JPEG%2F%25B0%25ED%25B5%25EE%25BE%25EE_%25B4%25EB%25B9%25AE%25BB%25E7%25C1%25F8_%25BB%25EC%25C2%25A6_%25C5%25AB%25B0%25C5.jpg,423
73,이디야 화곡로점,4.37,서울 강서구 화곡로 133 삼정빌딩,['카페'],https://search.pstatic.net/common/?autoRotate=true&type=w560_sharpen&src=https%3A%2F%2Fldb-phinf.pstatic.net%2F20250429_260%2F1745885118383rM82M_JPEG%2FSNS%25B1%25E2%25C5%25B8_%25B3%25D7%25C0%25CC%25B9%25F6%25C3%25A4%25B3%25CE_%25BA%25B9%25BC%25FE%25BE%25C6.jpg,454
74,돈돼랑,4.5,서울 강서구 화곡로 128 1층,"['곱창', '막창', '양']",https://search.pstatic.net/common/?autoRotate=true&type=w560_sharpen&src=https%3A%2F%2Fldb-phinf.pstatic.net%2F20250331_202%2F1743358039932sbsqN_JPEG%2FIMG_2363.jpeg,515
75,사또주먹고기 화곡본점,4.72,서울 강서구 가로공원로76길 10 사또주먹고기 화곡본점,['돼지고기구이'],https://search.pstatic.net/common/?autoRotate=true&type=w560_sharpen&src=https%3A%2F%2Fldb-phinf.pstatic.net%2F20240731_136%2F17223765461225PEJ4_JPEG%2F1000023037.jpg,746
76,미스터피자 발산점,4.41,내발산동 701-9,['피자'],https://search.pstatic.net/common/?autoRotate=true&type=w560_sharpen&src=https%3A%2F%2Fldb-phinf.pstatic.net%2F20250423_143%2F1745381247804KoUCq_JPEG%2FSNS_%25C0%25CC%25BA%25A5%25C6%25AE.jpg,1134
77,어쩌라고,4.51,서울 강서구 화곡로 194-48,"['맥주', '호프']",https://search.pstatic.net/common/?autoRotate=true&type=w560_sharpen&src=https%3A%2F%2Fldb-phinf.pstatic.net%2F20190815_185%2F1565834477586dDlQJ_JPEG%2FOf9qHsa3uVdDtKTqyAqi2z6c.jpg,169
78,복호두 화곡역점,0.0,서울 강서구 화곡로 143 1층 102호 복호두 화곡역점,['호두과자'],https://search.pstatic.net/common/?autoRotate=true&type=w560_sharpen&src=https%3A%2F%2Fldb-phinf.pstatic.net%2F20250430_9%2F1745969223930nbp1N_JPEG%2F%25BF%25C0%25BF%25F9%25C0%25C7%25BC%25B1%25B9%25B0_%25281%2529.jpg,349
79,영복갈비,4.43,서울 강서구 화곡로20길 7,"['육류', '고기요리']",https://search.pstatic.net/common/?autoRotate=true&type=w560_sharpen&src=https%3A%2F%2Fldb-phinf.pstatic.net%2F20240830_32%2F1724995925735lNn6H_JPEG%2F%25BF%25B5%25BA%25B9%25B0%25A5%25BA%25F1_%25C3%25D6%25C0%25FB%25C8%25AD_%25BB%25E7%25C1%25F8_%25287%2529.jpg,487
80,올바른스시 화곡역 직영점,4.5,서울 강서구 강서로33길 12 1층,"['초밥', '롤']",https://search.pstatic.net/common/?autoRotate=true&type=w560_sharpen&src=https%3A%2F%2Fldb-phinf.pstatic.net%2F20241130_267%2F1732977397912EauWQ_JPEG%2F%25C2%25CC%25B1%25EA%25C7%25D4%25B0%25FA%25BD%25C5%25BC%25B1%25C7%25D4%2528%25B0%25A1%25BF%25EE%25B5%25A5%25BB%25E7%25BD%25C3%25B9%25CC%2529%2528%25BF%25A9%25B9%25E9%25BC%25F6%25C1%25A4%2529_%25281%2529.jpg,200
81,남촌쭈꾸미 강서구본점,0.0,서울 강서구 화곡로 280 삼호빌딩 1층,['주꾸미요리'],https://search.pstatic.net/common/?autoRotate=true&type=w560_sharpen&src=https%3A%2F%2Fldb-phinf.pstatic.net%2F20241121_147%2F17321979296717vsj0_JPEG%2F1000024852.jpg,981
82,어촌계장,4.19,서울 양천구 월정로38길 11,['생선회'],https://search.pstatic.net/common/?autoRotate=true&type=w560_sharpen&src=https%3A%2F%2Fldb-phinf.pstatic.net%2F20190130_102%2F1548834164747vI3Sp_JPEG%2FPyQRBhk3DZvVDgw0oWDlN7hv.jpeg.jpg,757
83,화곡면옥,4.28,서울 강서구 화곡로26길 6 1층 화곡면옥,['한식'],https://search.pstatic.net/common/?autoRotate=true&type=w560_sharpen&src=https%3A%2F%2Fldb-phinf.pstatic.net%2F20240118_107%2F1705574125100f6wqL_JPEG%2FIMG_3106.jpeg,197
84,도미노피자 발산점,4.39,"서울 강서구 강서로 211 106호, 107호(화곡동)",['피자'],https://search.pstatic.net/common/?autoRotate=true&type=w560_sharpen&src=https%3A%2F%2Fldb-phinf.pstatic.net%2F20190805_211%2F1564973506757fTup4_JPEG%2FU6XIrbRh1-XfDdLB-iTFckTt.jpg,441
85,오복나주곰탕 화곡점,0.0,서울 강서구 까치산로 16 1층 101호,['한식'],https://search.pstatic.net/common/?autoRotate=true&type=w560_sharpen&src=https%3A%2F%2Fldb-phinf.pstatic.net%2F20240423_147%2F17138506147044pRX6_JPEG%2F%25BC%25F6%25C0%25B0%25C0%25FC%25B0%25F1_%2528279%2529.jpg,152
86,니코니코라멘,0.0,서울 강서구 가로공원로 173 1층 니코니코라멘,['일본식라면'],,780
87,메가MGC커피 신월5동점,0.0,서울 양천구 화곡로 104 1층 102호,['카페'],https://search.pstatic.net/common/?autoRotate=true&type=w560_sharpen&src=https%3A%2F%2Fldb-phinf.pstatic.net%2F20220801_160%2F1659333878195N76BB_JPEG%2FKakaoTalk_20220718_143915878.jpg,739
88,브라운씨 2호점,0.0,서울 강서구 강서로47가길 33 덕산빌딩 104호 브라운씨 카페,"['카페', '디저트']",https://search.pstatic.net/common/?autoRotate=true&type=w560_sharpen&src=https%3A%2F%2Fldb-phinf.pstatic.net%2F20240924_242%2F1727177956980W5VFC_JPEG%2FIMG_1639.JPG,1093
89,올라솔,0.0,서울 강서구 까치산로2길 55 1층,"['카페', '디저트']",https://search.pstatic.net/common/?autoRotate=true&type=w560_sharpen&src=https%3A%2F%2Fldb-phinf.pstatic.net%2F20250208_5%2F1738986329909nM15d_JPEG%2FIMG_1624.jpeg,429
90,피그백 화곡본점,4.43,서울 강서구 화곡로21길 35 1층,"['육류', '고기요리']",,423
91,배스킨라빈스 화곡역점,4.4,서울 강서구 화곡로 149,['아이스크림'],https://search.pstatic.net/common/?autoRotate=true&type=w560_sharpen&src=https%3A%2F%2Fldb-phinf.pstatic.net%2F20190207_263%2F1549518073913VHxxg_JPEG%2FWzOVG98BAb-9oaMe84QYeDV3.jpg,297
92,롯데리아 화곡역점,4.39,서울 강서구 화곡로 157 1층 롯데리아,['햄버거'],https://search.pstatic.net/common/?autoRotate=true&type=w560_sharpen&src=https%3A%2F%2Fldb-phinf.pstatic.net%2F20240923_185%2F1727052511572Vxuh6_JPEG%2F1.jpg,208
93,명품양꼬치,4.42,서울 강서구 화곡로 119 동인빌딩 2층,['양꼬치'],https://search.pstatic.net/common/?autoRotate=true&type=w560_sharpen&src=https%3A%2F%2Fldb-phinf.pstatic.net%2F20190424_289%2F1556085124769VbwvQ_JPEG%2F58JthnMc0u9r-d5aYKI5lsnG.jpg,584
94,굽네치킨 화곡본동점,4.39,서울 강서구 까치산로 95,"['치킨', '닭강정']",https://search.pstatic.net/common/?autoRotate=true&type=w560_sharpen&src=https%3A%2F%2Fldb-phinf.pstatic.net%2F20220317_114%2F1647488200832jgTcD_JPEG%2F%25B1%25C1%25B3%25D7_%25B7%25CE%25B0%25ED_%2528RED%2529.jpg,801
95,움라우트 카페,0.0,서울 강서구 강서로33가길 52 1층,"['카페', '디저트']",https://search.pstatic.net/common/?autoRotate=true&type=w560_sharpen&src=https%3A%2F%2Fldb-phinf.pstatic.net%2F20220623_225%2F1655981791254pDt4w_JPEG%2FC6CDE668-8548-4AEB-8FC2-52BA58727045.jpeg,369
96,달빛오징어광어 화곡점,4.44,서울 강서구 까치산로 30 1층 달빛오징어광어 화곡점,"['해물', '생선요리']",,221
97,맥켄지커피 까치산역본점,4.55,서울 강서구 강서로 47-6 신보빌딩,"['카페', '디저트']",https://search.pstatic.net/common/?autoRotate=true&type=w560_sharpen&src=https%3A%2F%2Fldb-phinf.pstatic.net%2F20240229_129%2F1709200779059UdLBu_JPEG%2FIMG_9735.jpeg,1210
98,우장산소갈비 화곡본점,0.0,"서울 강서구 강서로45다길 68 101호, 102호",['소고기구이'],https://search.pstatic.net/common/?autoRotate=true&type=w560_sharpen&src=https%3A%2F%2Fldb-phinf.pstatic.net%2F20250220_116%2F17400178146565Vkpe_JPEG%2F1000022600.jpg,632
99,파리바게뜨 화곡역점,0.0,서울 강서구 화곡로 161,['베이커리'],https://search.pstatic.net/common/?autoRotate=true&type=w560_sharpen&src=https%3A%2F%2Fldb-phinf.pstatic.net%2F20151027_99%2F1445945536583C0DFg_JPEG%2F166977606236135_0.jpeg,195
100,이가네돈부속 까치산본점,0.0,서울 강서구 강서로18길 44 1층,"['육류', '고기요리']",https://search.pstatic.net/common/?autoRotate=true&type=w560_sharpen&src=https%3A%2F%2Fldb-phinf.pstatic.net%2F20240821_85%2F1724239120712sFtAQ_JPEG%2FKakaoTalk_20240820_182609693_10.jpg,1079
101,은백반,0.0,서울 강서구 강서로 145 보눔하우스 1층 101호,"['백반', '가정식']",https://search.pstatic.net/common/?autoRotate=true&type=w560_sharpen&src=https%3A%2F%2Fldb-phinf.pstatic.net%2F20250331_249%2F17434041876248NuFG_JPEG%2F%25BC%25AD%25C0%25E5%25C8%25C6_%25C0%25CC%25B9%25CC%25C1%25F6.jpg,267
102,준코노래타운 화곡점,4.48,서울 강서구 공항대로46길 90 덕영빌딩,['요리주점'],https://search.pstatic.net/common/?autoRotate=true&type=w560_sharpen&src=https%3A%2F%2Fldb-phinf.pstatic.net%2F20230224_61%2F1677165799605wuaMq_JPEG%2F1676348878124-0.jpg,1396
103,카페 비쥬,4.51,서울 강서구 강서로47다길 17 1층,"['카페', '디저트']",https://search.pstatic.net/common/?autoRotate=true&type=w560_sharpen&src=https%3A%2F%2Fldb-phinf.pstatic.net%2F20190321_54%2F1553177469518Hx3GO_JPEG%2FGnVVY1WpFQPp4y5utDMDsQsY.jpg,1234
104,락감감자탕해물뼈찜,0.0,서울 강서구 화곡로 187 1층 락감감자탕,['감자탕'],https://search.pstatic.net/common/?autoRotate=true&type=w560_sharpen&src=https%3A%2F%2Fldb-phinf.pstatic.net%2F20221214_230%2F1670989983956JkkeI_JPEG%2F20221214_120107.jpg,74
105,꿀그릭,0.0,서울 강서구 강서로 60 1층 103호,"['카페', '디저트']",https://search.pstatic.net/common/?autoRotate=true&type=w560_sharpen&src=https%3A%2F%2Fldb-phinf.pstatic.net%2F20250427_267%2F1745732306718BeNa1_JPEG%2F%25B4%25DC%25C3%25BC.jpg,1119
106,해바라기정육식당 강서점,4.43,서울 강서구 화곡로 218,['정육식당'],https://search.pstatic.net/common/?autoRotate=true&type=w560_sharpen&src=https%3A%2F%2Fldb-phinf.pstatic.net%2F20200510_281%2F1589098224394x3Tw9_JPEG%2FL0nXqKHfjmWF6qfrMj4AWahn.jpg,372
107,우장회관,0.0,서울 강서구 강서로45길 46 수경빌딩 1층 우장회관,['돼지고기구이'],https://search.pstatic.net/common/?autoRotate=true&type=w560_sharpen&src=https%3A%2F%2Fldb-phinf.pstatic.net%2F20240628_169%2F171955996488551jRO_JPEG%2F24_%25282%2529.jpg,939
108,명륜진사갈비 신월점,4.26,서울 양천구 월정로 193,"['육류', '고기요리']",https://search.pstatic.net/common/?autoRotate=true&type=w560_sharpen&src=https%3A%2F%2Fldb-phinf.pstatic.net%2F20230223_81%2F1677138817876MyEAM_JPEG%2FKakaoTalk_20230223_164706526_04.jpg,931
109,육회바른연어 화곡메가박스점,0.0,서울 강서구 화곡로 142,['요리주점'],https://search.pstatic.net/common/?autoRotate=true&type=w560_sharpen&src=https%3A%2F%2Fldb-phinf.pstatic.net%2F20250324_51%2F1742813701314PL0nw_JPEG%2F250326_%25BD%25C5%25B8%25DE%25B4%25BA%2528%25C0%25B0%25C8%25B8%25C2%25CC%25B8%25E9%252C%25C4%25C5%25B9%25B0%25C0%25B0%25C8%25B8%2529.jpg,377
110,르네의케익,0.0,서울 강서구 화곡로21길 71 1층 119호 르네의케익,['베이커리'],https://search.pstatic.net/common/?autoRotate=true&type=w560_sharpen&src=https%3A%2F%2Fldb-phinf.pstatic.net%2F20250326_108%2F1742963323328w7SVS_JPEG%2FKakaoTalk_20250326_132816658_04.jpg,489
111,진부령황태촌,4.37,서울 강서구 강서로 148,['한식'],https://search.pstatic.net/common/?autoRotate=true&type=w560_sharpen&src=https%3A%2F%2Fldb-phinf.pstatic.net%2F20230531_150%2F1685520804417tP2jP_JPEG%2FIMG_9761.JPG,240
112,이삭토스트 화곡역점,0.0,서울 강서구 화곡로 154 1층,['토스트'],https://search.pstatic.net/common/?autoRotate=true&type=w560_sharpen&src=https%3A%2F%2Fldb-phinf.pstatic.net%2F20240429_10%2F1714362212485GnOUa_JPEG%2F1.jpg,253
113,금수돈가,0.0,서울 강서구 까치산로 86 102동 1층 103호,['돈가스'],https://search.pstatic.net/common/?autoRotate=true&type=w560_sharpen&src=https%3A%2F%2Fldb-phinf.pstatic.net%2F20240226_8%2F1708938386311f4JcQ_JPEG%2F%25B1%25DD%25BC%25F6%25B5%25B7%25B0%25A1_%25B8%25F0%25C0%25BD.jpg,702
114,이대감 수제숯불 돼지갈비,0.0,서울 강서구 강서로18길 11,"['육류', '고기요리']",https://search.pstatic.net/common/?autoRotate=true&type=w560_sharpen&src=https%3A%2F%2Fldb-phinf.pstatic.net%2F20250418_159%2F1744955875252kiKTj_JPEG%2F%25C0%25CC%25B4%25EB%25B0%25A8_%25BF%25AC%25C3%25E2_5.jpg,1036
115,한우정육소 까치산점,0.0,서울 강서구 강서로18길 36 1층,"['육류', '고기요리']",https://search.pstatic.net/common/?autoRotate=true&type=w560_sharpen&src=https%3A%2F%2Fldb-phinf.pstatic.net%2F20240619_119%2F1718781367741dXb4n_JPEG%2FKakaoTalk_20240615_100000037_07.jpg,1074
116,스타벅스 화곡역8번출구점,0.0,"서울 강서구 강서로 179 (화곡동), 1층 일부",['카페'],https://search.pstatic.net/common/?autoRotate=true&type=w560_sharpen&src=https%3A%2F%2Fldb-phinf.pstatic.net%2F20190828_93%2F1566953601239OT9MQ_PNG%2FxX7Wv642gXMoTI0DAv0hRymS.png,174
117,이현우스시,4.7,서울 강서구 강서로33길 26,"['초밥', '롤']",https://search.pstatic.net/common/?autoRotate=true&type=w560_sharpen&src=https%3A%2F%2Fldb-phinf.pstatic.net%2F20220214_44%2F16448005261821xRTC_JPEG%2F%25C7%25D1%25BB%25F3%25C2%25F7%25B8%25B201.jpg,264
118,도쿄화로 화곡본동점,0.0,서울 강서구 초록마을로 13 1층,['이자카야'],https://search.pstatic.net/common/?autoRotate=true&type=w560_sharpen&src=https%3A%2F%2Fldb-phinf.pstatic.net%2F20231208_287%2F17020255457992p0bn_JPEG%2FIMG_5963.jpeg,467
119,브라이트,4.68,서울 강서구 강서로17길 42 Bright bake house,"['카페', '디저트']",https://search.pstatic.net/common/?autoRotate=true&type=w560_sharpen&src=https%3A%2F%2Fldb-phinf.pstatic.net%2F20250426_114%2F1745658123223JfsnS_JPEG%2F06BA6E67-5256-4DD5-8F93-91CFB5244A07.jpeg,1076
120,역전할머니맥주 화곡역점,4.33,서울 강서구 화곡로 119 1층,"['맥주', '호프']",https://search.pstatic.net/common/?autoRotate=true&type=w560_sharpen&src=https%3A%2F%2Fldb-phinf.pstatic.net%2F20210820_82%2F1629440774913B5C7U_JPEG%2FJNqwVeC04o9QW2qUpGu9GRDK.jpg,584
121,심야식당 우사기,0.0,서울 강서구 가로공원로76길 45 1층,['이자카야'],https://search.pstatic.net/common/?autoRotate=true&type=w560_sharpen&src=https%3A%2F%2Fldb-phinf.pstatic.net%2F20231106_95%2F1699264927963XAQIV_JPEG%2F1000008907.jpg,853
122,탐앤탐스 강서구청점,4.36,"서울 강서구 화곡로 311 1,2층",['카페'],https://search.pstatic.net/common/?autoRotate=true&type=w560_sharpen&src=https%3A%2F%2Fldb-phinf.pstatic.net%2F20200319_82%2F1584616970740XwSBM_JPEG%2Fn-NMmexiOxMdJ0tiC3N4LlDw.jpeg.jpg,1310
123,송화명가,4.28,서울 강서구 강서로45나길 47 선재빌딩,['한식'],https://search.pstatic.net/common/?autoRotate=true&type=w560_sharpen&src=https%3A%2F%2Fldb-phinf.pstatic.net%2F20190622_165%2F1561207298904QRkyh_JPEG%2FJfXe50CTUiW3ogtXqgFU-yzp.jpeg.jpg,1013
124,브라운씨 1호점,4.41,서울 강서구 강서로47가길 20-10 1층 브라운씨,['카페'],https://search.pstatic.net/common/?autoRotate=true&type=w560_sharpen&src=https%3A%2F%2Fldb-phinf.pstatic.net%2F20240924_110%2F1727177430845GrHgE_JPEG%2FKakaoTalk_Photo_2024-09-24-20-27-17_010.jpeg,1194
125,동대문엽기떡볶이 강서구청점,4.44,서울 강서구 화곡로 292 서광프리메라,['분식'],https://search.pstatic.net/common/?autoRotate=true&type=w560_sharpen&src=https%3A%2F%2Fldb-phinf.pstatic.net%2F20160405_130%2F1459820822969u11Nj_JPEG%2F176355507720298_0.jpeg,1095
126,마늘막창구이가떴다,4.58,서울 강서구 강서로17길 140,"['곱창', '막창', '양']",https://search.pstatic.net/common/?autoRotate=true&type=w560_sharpen&src=https%3A%2F%2Fldb-phinf.pstatic.net%2F20181220_127%2F1545301607234wUPFQ_JPEG%2FVYgW_sIwdoHqr8qYdkuS0nLa.jpg,1180
127,라화쿵부 까치산점,4.85,서울 강서구 강서로16길 14 1층,['마라탕'],https://search.pstatic.net/common/?autoRotate=true&type=w560_sharpen&src=https%3A%2F%2Fldb-phinf.pstatic.net%2F20250111_166%2F1736575756363FiJKV_JPEG%2FIMG_4366.jpeg,1182
128,피슈마라홍탕 화곡점,0.0,서울 강서구 화곡로 158 2층,['마라탕'],https://search.pstatic.net/common/?autoRotate=true&type=w560_sharpen&src=https%3A%2F%2Fldb-phinf.pstatic.net%2F20190320_10%2F1553040547084oIbGH_JPEG%2FN8SKtuTiA98yb8l1WHLduwep.jpg,226
129,골목참치,4.12,서울 강서구 화곡로 176-8 골목참치,['생선회'],,94
130,범생이포차 신월본점,4.36,서울 양천구 화곡로13길 7,['포장마차'],https://search.pstatic.net/common/?autoRotate=true&type=w560_sharpen&src=https%3A%2F%2Fldb-phinf.pstatic.net%2F20210127_48%2F1611735673772F3iDK_JPEG%2FoTPBentKGSs2SyR3V8-oUs3U.jpg,721
131,케이크오클락,0.0,서울 강서구 강서로35길 20 1층 102호,['케이크전문'],https://search.pstatic.net/common/?autoRotate=true&type=w560_sharpen&src=https%3A%2F%2Fldb-phinf.pstatic.net%2F20250501_113%2F1746063925348ucF8E_JPEG%2FIMG_8194.jpeg,309
132,플래브베이커리,4.85,서울 강서구 강서로15길 26 1층,['베이커리'],https://search.pstatic.net/common/?autoRotate=true&type=w560_sharpen&src=https%3A%2F%2Fldb-phinf.pstatic.net%2F20241210_28%2F1733832448655YaPc7_JPEG%2FIMG_3005.jpeg,1141
133,마장동김씨 우장산역점,0.0,"서울 강서구 강서로 231 130, 131, 136, 137호","['육류', '고기요리']",https://search.pstatic.net/common/?autoRotate=true&type=w560_sharpen&src=https%3A%2F%2Fldb-phinf.pstatic.net%2F20240921_61%2F1726916465422GbpMd_JPEG%2FIMG_9553.jpeg,632
134,경상도집,0.0,서울 강서구 강서로45나길 16,"['육류', '고기요리']",https://search.pstatic.net/common/?autoRotate=true&quality=95&type=w750&src=https%3A%2F%2Fldb-phinf.pstatic.net%2F20230108_253%2F1673178002729FbPYm_JPEG%2FScreenshot_20230108_203946_Instagram.jpg,867
135,1982논현황소곱창 본점,0.0,서울 강서구 초록마을로 8 1층,"['곱창', '막창', '양']",https://search.pstatic.net/common/?autoRotate=true&type=w560_sharpen&src=https%3A%2F%2Fnaverbooking-phinf.pstatic.net%2F20240808_255%2F1723085478184f6yDG_JPEG%2Fimage.jpg,435
136,온하다,0.0,서울 강서구 화곡로 297 온하다,"['카페', '디저트']",https://search.pstatic.net/common/?autoRotate=true&type=w560_sharpen&src=https%3A%2F%2Fldb-phinf.pstatic.net%2F20250317_293%2F17421718004644NfCb_JPEG%2FIMG_6028_3.jpg,1151
137,두끼 화곡점,4.32,서울 강서구 화곡로 160 2층,['분식'],https://search.pstatic.net/common/?autoRotate=true&type=w560_sharpen&src=https%3A%2F%2Fldb-phinf.pstatic.net%2F20231025_125%2F1698201131801J9T9z_PNG%2F%25B4%25EB%25C7%25A5%25C0%25CC%25B9%25CC%25C1%25F6_%25281%2529.png,207
138,일등수산,4.44,서울 강서구 까치산로 38 1층,['생선회'],https://search.pstatic.net/common/?autoRotate=true&type=w560_sharpen&src=https%3A%2F%2Fldb-phinf.pstatic.net%2F20240512_159%2F17155194138052p5gt_JPEG%2F1715519378791.jpg,283
139,메가MGC커피 화곡중앙점,0.0,서울 강서구 까치산로 79 1층 103호,['카페'],https://search.pstatic.net/common/?autoRotate=true&type=w560_sharpen&src=https%3A%2F%2Fldb-phinf.pstatic.net%2F20230522_40%2F1684740714760rw52O_JPEG%2F170x170_02_%25BF%25BB%25B7%25CE%25BF%25EC01%2528%25B9%25E8%25B9%25CE%2529.jpg,664
140,제주은희네해장국 강서화곡점,0.0,"서울 강서구 공항대로46길 97 101, 102호",['해장국'],https://search.pstatic.net/common/?autoRotate=true&type=w560_sharpen&src=https%3A%2F%2Fldb-phinf.pstatic.net%2F20230102_291%2F1672626557841zsDWy_JPEG%2FKakaoTalk_20221228_101858434_02.jpg,1357
141,원조마산아구꽃게찜,4.41,서울 강서구 강서로17길 137,"['아귀찜', '해물찜']",https://search.pstatic.net/common/?autoRotate=true&type=w560_sharpen&src=https%3A%2F%2Fldb-phinf.pstatic.net%2F20221204_224%2F1670140798346UUuyl_JPEG%2Fimage.jpg,1197
142,투썸플레이스 우장산역점,0.0,서울 강서구 강서로 259,['카페'],,868
143,마반장 화곡본점,4.35,서울 강서구 강서로45길 19 호은빌딩,['감자탕'],https://search.pstatic.net/common/?autoRotate=true&type=w560_sharpen&src=https%3A%2F%2Fldb-phinf.pstatic.net%2F20150831_64%2F1441027929163Srlsm_JPEG%2F12835421_0.jpg,826
144,고향닭도리탕,4.55,서울 강서구 강서로 60,['닭볶음탕'],https://search.pstatic.net/common/?autoRotate=true&type=w560_sharpen&src=https%3A%2F%2Fldb-phinf.pstatic.net%2F20200602_52%2F1591076819998CXNYE_JPEG%2FB1LSEw3xlzPEWmDPS9gLcYRZ.jpg,1119
145,체르보,4.61,서울 강서구 화곡로 176-17 2층 체르보,"['카페', '디저트']",https://search.pstatic.net/common/?autoRotate=true&type=w560_sharpen&src=https%3A%2F%2Fldb-phinf.pstatic.net%2F20210610_221%2F1623319491311BxQi8_JPEG%2FP9dOC1B3zcvte7wY4NtIubhq.jpeg.jpg,82
146,치즈당 강서화곡점,0.0,서울 강서구 화곡로 135 1층 102호 치즈당 강서화곡점,"['카페', '디저트']",https://search.pstatic.net/common/?autoRotate=true&type=w560_sharpen&src=https%3A%2F%2Fldb-phinf.pstatic.net%2F20240814_219%2F1723622896433tdcnO_JPEG%2FIMG_5839.jpg,435
147,남도술상 우장산역점,0.0,"서울 강서구 강서로 237 1층 17호, 18호",['요리주점'],https://search.pstatic.net/common/?autoRotate=true&type=w560_sharpen&src=https%3A%2F%2Fldb-phinf.pstatic.net%2F20240801_210%2F1722495135254lWLqq_PNG%2F%25BD%25BA%25C5%25A9%25B8%25B0%25BC%25A6_2024-08-01_155138.png,696
148,곱분이곱창 화곡점,4.22,서울 강서구 강서로 154 1층 102호,"['곱창', '막창', '양']",https://search.pstatic.net/common/?autoRotate=true&type=w560_sharpen&src=https%3A%2F%2Fldb-phinf.pstatic.net%2F20230625_3%2F1687670129547uUnDG_JPEG%2F5.jpg,172
149,동대문엽기떡볶이 우장산점,4.32,서울 강서구 강서로45가길 8,['분식'],https://search.pstatic.net/common/?autoRotate=true&type=w560_sharpen&src=https%3A%2F%2Fldb-phinf.pstatic.net%2F20160414_115%2F1460600468753q5PtD_JPEG%2F176364515126194_0.jpeg,788
150,별봄차이나,0.0,서울 양천구 월정로 149 1층 101호,['중식당'],https://search.pstatic.net/common/?autoRotate=true&type=w560_sharpen&src=https%3A%2F%2Fldb-phinf.pstatic.net%2F20240712_1%2F1720770633653fLFH6_JPEG%2F1000026021.jpg,1197
151,소문난뽈데기찜탕아구찜,4.46,서울 강서구 화곡로53길 11,"['아귀찜', '해물찜']",https://search.pstatic.net/common/?autoRotate=true&type=w560_sharpen&src=https%3A%2F%2Fldb-phinf.pstatic.net%2F20150902_124%2F144112393846802FCS_JPEG%2FSUBMIT_1366722513708_31157429.jpg,1157
152,해성골초밥,0.0,서울 강서구 화곡로 142 1층 102호,"['초밥', '롤']",https://search.pstatic.net/common/?autoRotate=true&type=w560_sharpen&src=https%3A%2F%2Fldb-phinf.pstatic.net%2F20250418_288%2F1744971494612L3ggz_JPEG%2FIMG_9379.jpeg,377
153,왕장군주먹고기 본점,4.53,서울 양천구 월정로 237,"['육류', '고기요리']",https://search.pstatic.net/common/?autoRotate=true&type=w560_sharpen&src=https%3A%2F%2Fldb-phinf.pstatic.net%2F20190712_33%2F1562930459740QPMWL_JPEG%2FMKYlgDr6_rz9UNyjvaitYVUM.jpeg.jpg,842
154,싱싱샐러드 화곡점,0.0,서울 강서구 화곡로 289 1층 102호,"['다이어트', '샐러드']",https://search.pstatic.net/common/?autoRotate=true&type=w560_sharpen&src=https%3A%2F%2Fldb-phinf.pstatic.net%2F20230508_220%2F16835405466964Wjbk_JPEG%2F20230508_190903_2.jpg,1071
155,꽈백최선생 화곡점,0.0,서울 강서구 까치산로4길 17 1층,['베이커리'],https://search.pstatic.net/common/?autoRotate=true&type=w560_sharpen&src=https%3A%2F%2Fldb-phinf.pstatic.net%2F20240628_174%2F1719503261243OInFR_JPEG%2FKakaoTalk_20240628_004606062_09.jpg,287
156,메가MGC커피 화곡역점,4.47,서울 강서구 화곡로 160,['카페'],https://search.pstatic.net/common/?autoRotate=true&type=w560_sharpen&src=https%3A%2F%2Fldb-phinf.pstatic.net%2F20180928_102%2F15380979176060h4wo_JPEG%2Fx1l9mm3ugxcnCVIGZ-hPgDRA.jpg,207
157,린 중식당,0.0,서울 강서구 화곡로 216 1층 린중식당,['중식당'],https://search.pstatic.net/common/?autoRotate=true&type=w560_sharpen&src=https%3A%2F%2Fldb-phinf.pstatic.net%2F20250218_171%2F1739871886224ULMRC_PNG%2F4444.png,353
158,수유리우동집 화곡점,4.35,서울 강서구 화곡로 224,"['우동', '소바']",https://search.pstatic.net/common/?autoRotate=true&type=w560_sharpen&src=https%3A%2F%2Fldb-phinf.pstatic.net%2F20171128_42%2F1511862715615tho1J_PNG%2Fb-CO1tNBs4oNpTgQ9GJesM9Q.png,427
159,요거트월드 화곡점,0.0,서울 강서구 강서로17길 35 1층 103호,"['카페', '디저트']",https://search.pstatic.net/common/?autoRotate=true&type=w560_sharpen&src=https%3A%2F%2Fldb-phinf.pstatic.net%2F20240823_104%2F1724381964694TUUHR_JPEG%2F%25B8%25DE%25B4%25BA%25B8%25F0%25C0%25BD%25C4%25C6_%25C6%25C4%25B6%25FB.jpg,1112
160,메가MGC커피 우장산역점,4.44,서울 강서구 강서로45길 6,['카페'],,805
161,깡우동 화곡역점,0.0,서울 강서구 화곡로 121 1층,['포장마차'],https://search.pstatic.net/common/?autoRotate=true&type=w560_sharpen&src=https%3A%2F%2Fldb-phinf.pstatic.net%2F20241119_110%2F1732002513369e2zz5_JPEG%2F%25B1%25F8%25BF%25EC%25B5%25BF_%252811%2529.jpg,557
162,광돈 화곡본점,0.0,서울 강서구 가로공원로76길 35 1층,"['육류', '고기요리']",https://search.pstatic.net/common/?autoRotate=true&type=w560_sharpen&src=https%3A%2F%2Fldb-phinf.pstatic.net%2F20250324_30%2F1742795661586TFYVY_JPEG%2FKakaoTalk_20250324_143655748.jpg,823
163,샐러디 우장산역점,0.0,서울 강서구 강서로 243 1층 1호,"['다이어트', '샐러드']",https://search.pstatic.net/common/?autoRotate=true&type=w560_sharpen&src=https%3A%2F%2Fldb-phinf.pstatic.net%2F20210222_100%2F1613981208370LyzEM_PNG%2FL-eQOvuY0eTwuM6j0EAapOAE.png,736
164,곱창리 까치산역점,4.33,서울 강서구 강서로18길 9,"['곱창', '막창', '양']",https://search.pstatic.net/common/?autoRotate=true&type=w560_sharpen&src=https%3A%2F%2Fldb-phinf.pstatic.net%2F20190606_273%2F15598141670716Vo75_JPEG%2F2Nlk4FbTxvJCIL-oYyFxlym1.jpg,1037
165,보배반점 화곡점,0.0,서울 강서구 강서로 156,['중식당'],https://search.pstatic.net/common/?autoRotate=true&type=w560_sharpen&src=https%3A%2F%2Fldb-phinf.pstatic.net%2F20240919_130%2F1726731598589Cvite_JPEG%2FIMG_9737_1.jpg,149
166,이디야커피 강서구청점,4.48,서울 강서구 화곡로 292 서광프리메라 104호,['카페'],https://search.pstatic.net/common/?autoRotate=true&type=w560_sharpen&src=https%3A%2F%2Fldb-phinf.pstatic.net%2F20250429_260%2F1745885118383rM82M_JPEG%2FSNS%25B1%25E2%25C5%25B8_%25B3%25D7%25C0%25CC%25B9%25F6%25C3%25A4%25B3%25CE_%25BA%25B9%25BC%25FE%25BE%25C6.jpg,1095
167,가마솥 손두부,0.0,서울 강서구 강서로33길 64,['한식'],https://search.pstatic.net/common/?autoRotate=true&type=w560_sharpen&src=https%3A%2F%2Fldb-phinf.pstatic.net%2F20210718_246%2F1626604506789e07AQ_JPEG%2FUN0Cb8h_cAnrAirb25h86zVT.jpg,448
168,카페그록,0.0,서울 강서구 강서로45길 92-22 1층 카페그록,"['카페', '디저트']",https://search.pstatic.net/common/?autoRotate=true&type=w560_sharpen&src=https%3A%2F%2Fldb-phinf.pstatic.net%2F20250502_20%2F1746159674473tek0c_JPEG%2FIMG_1160.jpeg,1038
169,민영활어공장 송화시장점,0.0,서울 강서구 강서로 279-55 1층 108호,"['초밥', '롤']",https://search.pstatic.net/common/?autoRotate=true&type=w560_sharpen&src=https%3A%2F%2Fldb-phinf.pstatic.net%2F20240905_221%2F17255048284566KKIC_JPEG%2F%25B4%25EB%25B9%25AE4.jpg,961
170,초원양꼬치,4.34,서울 강서구 까치산로 12,['양꼬치'],https://search.pstatic.net/common/?autoRotate=true&type=w560_sharpen&src=https%3A%2F%2Fldb-phinf.pstatic.net%2F20150901_95%2F14410736772253gSow_JPEG%2F33924712_0.jpeg,157
171,BBQ치킨 강서화곡점,4.55,서울 강서구 강서로39길 30 1층 101호 (화곡동),"['치킨', '닭강정']",https://search.pstatic.net/common/?autoRotate=true&type=w560_sharpen&src=https%3A%2F%2Fldb-phinf.pstatic.net%2F20250411_62%2F17443373144563mhHJ_JPEG%2F%25BA%25B8%25B5%25B5%25C0%25DA%25B7%25E1.jpg,514
172,던킨 화곡역점,0.0,서울 강서구 화곡로 164 1층,['도넛'],https://search.pstatic.net/common/?autoRotate=true&type=w560_sharpen&src=https%3A%2F%2Fldb-phinf.pstatic.net%2F20240629_85%2F1719630804805OtPIx_JPEG%2Fphoto_6336576332707774283_y.jpg,170
173,오븐마루치킨 화곡점,0.0,서울 강서구 화곡로27가길 1 1층 오븐마루치킨 화곡점,"['치킨', '닭강정']",https://search.pstatic.net/common/?autoRotate=true&type=w560_sharpen&src=https%3A%2F%2Fldb-phinf.pstatic.net%2F20241026_257%2F1729929884549RY8xx_JPEG%2F1000005891.jpg,57
174,어시장앤포장전문점 우장산역점,4.32,서울 강서구 강서로 277,['생선회'],https://search.pstatic.net/common/?autoRotate=true&type=w560_sharpen&src=https%3A%2F%2Fldb-phinf.pstatic.net%2F20191130_58%2F1575071779267uhYDG_JPEG%2FmNR5bHTg6ip-2YxjUjan1w_M.jpg,1018
175,장가네 춘천닭갈비,0.0,서울 강서구 강서로 161-10,['한식'],https://search.pstatic.net/common/?autoRotate=true&type=w560_sharpen&src=https%3A%2F%2Fldb-phinf.pstatic.net%2F20211007_106%2F1633581558344bvYzK_JPEG%2F10Erbxhnu8unRUYpih6xlcMm.jpg,172
176,5.5닭갈비 서울지사,0.0,서울 강서구 강서로 237,['닭갈비'],https://search.pstatic.net/common/?autoRotate=true&type=w560_sharpen&src=https%3A%2F%2Fldb-phinf.pstatic.net%2F20180705_192%2F1530753228460QxMMP_JPEG%2F3X5yuZXWLiaEG7xZvFKvt7fz.jpg,696
177,메가MGC커피 화곡중앙시장점,0.0,서울 강서구 가로공원로76길 73 1층,['카페'],https://search.pstatic.net/common/?autoRotate=true&type=w560_sharpen&src=https%3A%2F%2Fldb-phinf.pstatic.net%2F20231215_46%2F1702600634136iH2m6_JPEG%2FKakaoTalk_20221127_222423345.jpg,954
178,맛있는중식 차이리,0.0,서울 양천구 화곡로 98 2층 201호,['중식당'],https://search.pstatic.net/common/?autoRotate=true&type=w560_sharpen&src=https%3A%2F%2Fldb-phinf.pstatic.net%2F20250106_44%2F1736131994368OGWzs_JPEG%2F1000013334.jpg,812
179,본죽&비빔밥cafe 화곡역점,4.34,서울 강서구 화곡로25길 2 1층 105호,['죽'],https://search.pstatic.net/common/?autoRotate=true&type=w560_sharpen&src=https%3A%2F%2Fldb-phinf.pstatic.net%2F20250426_285%2F1745660594334r9e17_PNG%2Fdo-messenger_screenshot.png,267
180,철길부산집 화곡역점,0.0,서울 강서구 화곡로 119 동인빌딩 1층,['요리주점'],https://search.pstatic.net/common/?autoRotate=true&type=w560_sharpen&src=https%3A%2F%2Fldb-phinf.pstatic.net%2F20240627_160%2F17194670774154Ym5H_PNG%2F20230921_141613.png,584
181,신고집해물찜 화곡점,4.4,서울 강서구 강서로 188 1층,"['아귀찜', '해물찜']",https://search.pstatic.net/common/?autoRotate=true&type=w560_sharpen&src=https%3A%2F%2Fldb-phinf.pstatic.net%2F20161114_83%2F1479107556516GTMXb_JPEG%2F177064564256435_0.jpeg,209
182,명가교동짬뽕 강서구청점,0.0,서울 강서구 화곡로 320 1층 교동짬뽕,['중식당'],https://search.pstatic.net/common/?autoRotate=true&type=w560_sharpen&src=https%3A%2F%2Fldb-phinf.pstatic.net%2F20150901_78%2F1441106613939YIVPv_JPEG%2F166658563362829_0.jpeg,1389
183,일번지생고기 본점,4.5,서울 강서구 화곡로 194-5,"['육류', '고기요리']",https://search.pstatic.net/common/?autoRotate=true&type=w560_sharpen&src=https%3A%2F%2Fldb-phinf.pstatic.net%2F20190130_51%2F1548775360530eQg6T_JPEG%2F6mgUETR0V3b7oXAkXty4wzaR.jpg,177
184,홍콩반점0410 우장산역점,0.0,서울 강서구 강서로45길 14 2층,['중식당'],https://search.pstatic.net/common/?autoRotate=true&type=w560_sharpen&src=https%3A%2F%2Fldb-phinf.pstatic.net%2F20250124_243%2F1737714906030xMboi_PNG%2FKakaoTalk_20241204_143546005.png,829
185,원조마산아구찜 화곡점,4.53,서울 강서구 초록마을로 10-1 1층,['한식'],https://search.pstatic.net/common/?autoRotate=true&type=w560_sharpen&src=https%3A%2F%2Fldb-phinf.pstatic.net%2F20190123_174%2F1548218579228J0pMT_JPEG%2FqOTp-ioQQPkro5d7yia9yrcq.jpg,438
186,25센치 꼬치 앤 오뎅바,4.56,서울 강서구 초록마을로2길 54 101호,['요리주점'],https://search.pstatic.net/common/?autoRotate=true&type=w560_sharpen&src=https%3A%2F%2Fldb-phinf.pstatic.net%2F20210921_59%2F1632234452733RaFmm_JPEG%2FFjWdBp5UF0XjiMKd8QhzrCMK.jpg,187
187,까치산정육식당,0.0,서울 강서구 강서로 155 1층 103호,"['육류', '고기요리']",https://search.pstatic.net/common/?autoRotate=true&type=w560_sharpen&src=https%3A%2F%2Fldb-phinf.pstatic.net%2F20240420_90%2F1713611491903uFkp6_JPEG%2FIMG_9727.jpeg,191
188,토시래 화곡역점,4.13,서울 강서구 화곡로 127,"['족발', '보쌈']",https://search.pstatic.net/common/?autoRotate=true&type=w560_sharpen&src=https%3A%2F%2Fldb-phinf.pstatic.net%2F20180330_254%2F1522371708526uUUDc_PNG%2FioKVus98c3f1x9cl8XMyjVqz.png,503
189,맘스터치 까치산점,4.46,서울 강서구 강서로 42-1 2층,['햄버거'],https://search.pstatic.net/common/?autoRotate=true&type=w560_sharpen&src=https%3A%2F%2Fldb-phinf.pstatic.net%2F20230829_137%2F1693282401170BAq7o_PNG%2F%25B7%25CE%25B0%25ED_%25C1%25A4%25B9%25E6%25C7%25FC.png,1269
190,디저트39 화곡더챔버점,0.0,"서울 강서구 강서로 174 106호, 107호",['카페'],https://search.pstatic.net/common/?autoRotate=true&type=w560_sharpen&src=https%3A%2F%2Fldb-phinf.pstatic.net%2F20250220_296%2F1740037299681GvIat_JPEG%2FIMG_6505.jpeg,82
191,정직유부 강서구청점,0.0,서울 강서구 화곡로 295 르미엘 101호,['분식'],https://search.pstatic.net/common/?autoRotate=true&type=w560_sharpen&src=https%3A%2F%2Fldb-phinf.pstatic.net%2F20211112_277%2F1636707968358KDAKp_JPEG%2FSNS_%25C3%25CA%25B1%25E2%25BC%25BC%25C6%25C3_%25BB%25E7%25C1%25F8_%25C0%25FC%25B4%25DE.jpg,1136
192,순희네빈대떡 우장산역점,0.0,서울 강서구 강서로45가길 19 1층,"['전', '빈대떡']",https://search.pstatic.net/common/?autoRotate=true&quality=95&type=w750&src=https%3A%2F%2Fldb-phinf.pstatic.net%2F20241016_213%2F1729050432621ovUHx_PNG%2FIMG_5882.png,728
193,맘스터치 강서구청점,4.4,서울 강서구 화곡로 296 강서아이파크,['햄버거'],https://search.pstatic.net/common/?autoRotate=true&type=w560_sharpen&src=https%3A%2F%2Fldb-phinf.pstatic.net%2F20230829_137%2F1693282401170BAq7o_PNG%2F%25B7%25CE%25B0%25ED_%25C1%25A4%25B9%25E6%25C7%25FC.png,1151
194,지지고 내발산점,0.0,서울 강서구 강서로 263-27 1층,"['도시락', '컵밥']",https://search.pstatic.net/common/?autoRotate=true&type=w560_sharpen&src=https%3A%2F%2Fldb-phinf.pstatic.net%2F20250103_252%2F1735893647686zoWmI_PNG%2F%25C1%25F6%25C1%25F6%25B0%25ED_%25B7%25CE%25B0%25ED.png,971
195,컴포즈커피 강서구청점,4.65,서울 강서구 화곡로 313 1층,['카페'],https://search.pstatic.net/common/?autoRotate=true&type=w560_sharpen&src=https%3A%2F%2Fldb-phinf.pstatic.net%2F20210626_201%2F1624700267761SagwD_JPEG%2FxLBfrxf4UA18ja7prutf_1_2.jpg,1334
196,틸란 쌀국수,0.0,서울 강서구 강서로31길 7 1층,['아시아음식'],https://search.pstatic.net/common/?autoRotate=true&type=w560_sharpen&src=https%3A%2F%2Fldb-phinf.pstatic.net%2F20240422_265%2F1713761232868WRsE1_JPEG%2FKakaoTalk_20240419_105409770_04.jpg,221
197,청년다방 우장산역점,4.35,서울 강서구 강서로45가길 9,['분식'],https://search.pstatic.net/common/?autoRotate=true&type=w560_sharpen&src=https%3A%2F%2Fldb-phinf.pstatic.net%2F20250424_205%2F1745460937615fQqp4_JPEG%2F%25B8%25B6%25B4%25C3%25C6%25FE%25B4%25DF_%25B8%25DE%25B4%25BA%25B8%25F0%25C0%25BD%25C4%25C6.jpg,767
198,파파존스 화곡점,0.0,서울 강서구 초록마을로 15 1층 105호,['피자'],https://search.pstatic.net/common/?autoRotate=true&type=w560_sharpen&src=https%3A%2F%2Fldb-phinf.pstatic.net%2F20250107_285%2F1736240631297KHK9w_PNG%2F%25C3%25D6%25C1%25BE-250106_2025_%25BA%25EA%25B7%25A3%25B5%25E5%25C6%25F7%25BD%25BA%25C5%25CD_out_2025%25BA%25EA%25B7%25A3%25B5%25E5%25C6%25F7%25BD%25BA%25C5%25CD2.png,482
199,엘포엘 강서 화곡역 본점,0.0,"서울 강서구 화곡로27가길 34 1층, 2층",['양식'],,132
200,이화반점,0.0,서울 강서구 강서로33가길 56,['중식당'],https://search.pstatic.net/common/?autoRotate=true&type=w560_sharpen&src=https%3A%2F%2Fldb-phinf.pstatic.net%2F20240328_162%2F1711591838655VDCPn_JPEG%2F1000001419.jpg,381
201,비오대구탕,4.55,서울 강서구 화곡로31길 15,"['매운탕', '해물탕']",https://search.pstatic.net/common/?autoRotate=true&type=w560_sharpen&src=https%3A%2F%2Fldb-phinf.pstatic.net%2F20200510_52%2F1589093302217Hjb0s_JPEG%2FCwlQUOZRZbtaJ9hFt8weZF57.jpg,209
202,청담동마녀김밥 강서구청점,0.0,"서울 강서구 화곡로 305 1층 102, 103호",['분식'],https://search.pstatic.net/common/?autoRotate=true&type=w560_sharpen&src=https%3A%2F%2Fldb-phinf.pstatic.net%2F20240603_8%2F1717391894738mUBKI_JPEG%2F1717391729991.jpg,1251
203,본동치킨,4.81,서울 강서구 까치산로4길 17 1층,"['치킨', '닭강정']",https://search.pstatic.net/common/?autoRotate=true&type=w560_sharpen&src=https%3A%2F%2Fldb-phinf.pstatic.net%2F20250123_40%2F17376312453247rCGd_JPEG%2FIMG_2347.jpeg,287
204,이스탄불 숯불바베큐,4.33,서울 강서구 강서로18길 10,"['치킨', '닭강정']",https://search.pstatic.net/common/?autoRotate=true&type=w560_sharpen&src=https%3A%2F%2Fldb-phinf.pstatic.net%2F20191113_184%2F1573639625213y0JNf_JPEG%2FGcHiGzs6MX13C-nnkHsd7mWA.jpg,1063
205,빵집오빠 강서점,0.0,서울 강서구 화곡로24길 43 1층,['베이커리'],https://search.pstatic.net/common/?autoRotate=true&type=w560_sharpen&src=https%3A%2F%2Fldb-phinf.pstatic.net%2F20250423_151%2F17454028033744H1Xs_JPEG%2F%25BB%25A7%25C1%25FD%25BF%25C0%25BA%25FC1.jpg,396
206,어바웃미 까치산역점,0.0,서울 강서구 곰달래로25길 24 1층 어바웃미,"['카페', '디저트']",https://search.pstatic.net/common/?autoRotate=true&type=w560_sharpen&src=https%3A%2F%2Fldb-phinf.pstatic.net%2F20250406_254%2F1743888675219rsUnl_JPEG%2FIMG_5713.jpeg,1356
207,이층창가,0.0,서울 강서구 까치산로 46 2층,"['카페', '디저트']",https://search.pstatic.net/common/?autoRotate=true&type=w560_sharpen&src=https%3A%2F%2Fldb-phinf.pstatic.net%2F20250118_261%2F1737127688519qnmYs_JPEG%2FIMG_1972.jpeg,341
208,젠틀한식탁 강서직영점,4.71,서울 강서구 강서로45길 49-38 1층 젠틀한식탁 강서직영점,['양식'],https://search.pstatic.net/common/?autoRotate=true&type=w560_sharpen&src=https%3A%2F%2Fldb-phinf.pstatic.net%2F20230220_144%2F1676862420023pxT4F_JPEG%2FKakaoTalk_20230220_115955815.jpg,909
209,본죽 우장초교점,4.38,서울 강서구 화곡로 280,['죽'],https://search.pstatic.net/common/?autoRotate=true&type=w560_sharpen&src=https%3A%2F%2Fldb-phinf.pstatic.net%2F20250426_261%2F1745660585026gbDHH_PNG%2Fdo-messenger_screenshot.png,981
210,초가집부뚜막청국장,4.25,서울 강서구 강서로 271 1층 부뚜믹청국장,"['찌개', '전골']",https://search.pstatic.net/common/?autoRotate=true&type=w560_sharpen&src=https%3A%2F%2Fldb-phinf.pstatic.net%2F20231206_24%2F1701865365320RUXTe_JPEG%2Fimage.jpg,971
211,김종용누룽지통닭 화곡본점,4.26,서울 강서구 화곡로 115 1~2층,"['치킨', '닭강정']",https://search.pstatic.net/common/?autoRotate=true&type=w560_sharpen&src=https%3A%2F%2Fldb-phinf.pstatic.net%2F20160203_240%2F1454484927511xHi7I_JPEG%2F176153566546385_0.jpg,634
212,남가네설악추어탕 화곡점,4.3,서울 강서구 강서로 160 성지빌딩,['추어탕'],https://search.pstatic.net/common/?autoRotate=true&type=w560_sharpen&src=https%3A%2F%2Fldb-phinf.pstatic.net%2F20190313_41%2F15524599390210i4W7_JPEG%2FOs9q5PG-C0Ae4TyDzZg3k0Hb.jpg,126
213,타코깡패 우장산 송화시장 본점,0.0,서울 강서구 강서로45나길 51 1층,['일식당'],https://search.pstatic.net/common/?autoRotate=true&type=w560_sharpen&src=https%3A%2F%2Fldb-phinf.pstatic.net%2F20250326_246%2F1742990669748HL86w_JPEG%2F1000021130.jpg,1029
214,송정반점 까치산점,0.0,서울 강서구 강서로17다길 10,['중식당'],https://search.pstatic.net/common/?autoRotate=true&type=w560_sharpen&src=https%3A%2F%2Fldb-phinf.pstatic.net%2F20231115_138%2F1700024916171iL1JK_JPEG%2F2.jpg,1035
215,닭한마리&닭발,4.33,"서울 강서구 강서로17길 127 1층 (화곡동, 1동)",['닭요리'],https://search.pstatic.net/common/?autoRotate=true&type=w560_sharpen&src=https%3A%2F%2Fldb-phinf.pstatic.net%2F20250118_61%2F1737175503309bxuSk_JPEG%2F1000004444.jpg,1164
216,샐러디 화곡역점,4.66,서울 강서구 화곡로 141 1층,"['다이어트', '샐러드']",https://search.pstatic.net/common/?autoRotate=true&type=w560_sharpen&src=https%3A%2F%2Fldb-phinf.pstatic.net%2F20210222_100%2F1613981208370LyzEM_PNG%2FL-eQOvuY0eTwuM6j0EAapOAE.png,372
217,잉치킨 우장산직영점,0.0,"서울 강서구 강서로45가길 47 1층 101호, 102호","['치킨', '닭강정']",https://search.pstatic.net/common/?autoRotate=true&type=w560_sharpen&src=https%3A%2F%2Fldb-phinf.pstatic.net%2F20250411_41%2F174436989996141y3G_PNG%2F6DE941D7-1F07-4674-AD5A-ED244B895F08.png,629
218,향리원 마라탕,0.0,서울 강서구 강서로 271 1층 13호의 1호(내발산동),['중식당'],https://search.pstatic.net/common/?autoRotate=true&type=w560_sharpen&src=https%3A%2F%2Fldb-phinf.pstatic.net%2F20220726_161%2F1658836748636SnU0I_JPEG%2F4AB8CB6C-4824-48F1-AAE8-43705C8F28BC.jpeg,971
219,양지순천집 화곡직영점,0.0,서울 강서구 화곡로15길 10 1층,"['순대', '순댓국']",https://search.pstatic.net/common/?autoRotate=true&type=w560_sharpen&src=https%3A%2F%2Fldb-phinf.pstatic.net%2F20220724_217%2F1658670248291TKTyu_JPEG%2FKakaoTalk_20211026_175510198_01.jpg,659
220,교촌치킨 화곡2호점,0.0,서울 강서구 가로공원로 227 1층 교촌치킨 화곡2호점,"['치킨', '닭강정']",https://search.pstatic.net/common/?autoRotate=true&type=w560_sharpen&src=https%3A%2F%2Fldb-phinf.pstatic.net%2F20221130_290%2F1669782289053g3gih_JPEG%2F%25B1%25B3%25C3%25CC%25C4%25A1%25C5%25B2_%25BD%25C5%25B1%25D4_BI_%25BE%25C6%25C0%25CC%25C4%25DC%2528%25C4%25AB%25C4%25AB%25BF%25C0%2529.jpg,449
221,돈오야,4.48,서울 강서구 강서로 55,['돼지고기구이'],https://search.pstatic.net/common/?autoRotate=true&type=w560_sharpen&src=https%3A%2F%2Fldb-phinf.pstatic.net%2F20151126_214%2F1448536760272H4YRM_JPEG%2F167073514054740_0.jpeg,1146
222,버거리 우장산역점,0.0,서울 강서구 강서로 231 해링턴타워 108호,['햄버거'],https://search.pstatic.net/common/?autoRotate=true&type=w560_sharpen&src=https%3A%2F%2Fldb-phinf.pstatic.net%2F20250421_232%2F1745211306404aC4nb_PNG%2F%25B3%25D7%25C0%25CC%25B9%25F6%25C7%25C3%25B7%25B9%25C0%25CC%25BD%25BA_%25C8%25F7%25B9%25E4_01.png,632
223,까치산 냉삶집,0.0,서울 강서구 강서로18길 17 2층,"['육류', '고기요리']",https://search.pstatic.net/common/?autoRotate=true&type=w560_sharpen&src=https%3A%2F%2Fnaverbooking-phinf.pstatic.net%2F20240618_249%2F1718676767784YUgmj_PNG%2F2_waifu2x_photo_noise3_scale.png,1032
224,최고한우돈,4.46,서울 강서구 곰달래로15길 46,['소고기구이'],https://search.pstatic.net/common/?autoRotate=true&type=w560_sharpen&src=https%3A%2F%2Fldb-phinf.pstatic.net%2F20241006_120%2F1728197550022MByJR_JPEG%2F1000009482.jpg,1129
